tenure,monthly_charges,contract,internet_service,tech_support,paperless_billing,senior_citizen,churn
68,84.12,Month-to-month,Fiber optic,No,No,0,0
45,38.44,Month-to-month,Fiber optic,No,No,0,0
49,95.95,Two year,DSL,Yes,Yes,0,0
64,95.77,One year,DSL,No,Yes,0,0
41,92.13,One year,DSL,No,No,0,1
55,64.48,Month-to-month,DSL,Yes,Yes,1,0
60,57.82,Month-to-month,Fiber optic,No,Yes,0,0
16,61.98,Two year,None,No,No,0,0
3,23.33,Month-to-month,Fiber optic,No,Yes,1,0
21,104.43,Month-to-month,DSL,No,Yes,0,0
20,74.24,One year,DSL,Yes,Yes,0,1
62,58.75,One year,Fiber optic,Yes,Yes,0,1
65,74.8,One year,None,No,No,0,0
0,92.16,Month-to-month,Fiber optic,No,Yes,0,0
35,58.15,Month-to-month,DSL,No,Yes,1,1
59,103.06,Month-to-month,DSL,No,Yes,0,1
9,111.95,Two year,Fiber optic,No,No,0,1
57,58.74,Two year,Fiber optic,No,Yes,0,0
8,33.78,Month-to-month,DSL,No,Yes,0,1
33,96.04,Two year,DSL,Yes,No,0,0
58,119.29,Month-to-month,DSL,No,Yes,0,0
21,34.8,Month-to-month,DSL,No,No,0,1
24,91.27,Month-to-month,Fiber optic,No,Yes,0,0
20,102.53,Month-to-month,Fiber optic,Yes,No,0,1
51,112.06,Month-to-month,None,Yes,Yes,0,0
18,32.34,Month-to-month,DSL,Yes,No,0,0
71,29.18,One year,DSL,Yes,No,0,0
32,118.79,Month-to-month,Fiber optic,No,Yes,0,1
34,31.68,Two year,Fiber optic,No,Yes,0,1
36,37.68,Two year,DSL,No,Yes,0,0
41,77.5,Month-to-month,Fiber optic,No,Yes,0,1
39,64.63,Month-to-month,Fiber optic,Yes,No,0,0
36,95.04,Two year,Fiber optic,No,No,0,1
71,39.06,Month-to-month,Fiber optic,No,No,0,0
58,111.44,Month-to-month,DSL,No,Yes,1,0
57,41.72,Month-to-month,None,No,Yes,0,0
50,96.91,Two year,Fiber optic,No,No,0,1
44,26.76,Month-to-month,Fiber optic,Yes,Yes,0,0
24,67.34,Month-to-month,Fiber optic,No,No,0,0
71,23.26,Month-to-month,DSL,No,Yes,0,0
33,51.38,Month-to-month,DSL,Yes,Yes,0,1
15,51.22,Month-to-month,DSL,Yes,Yes,0,0
60,91.97,Two year,DSL,No,Yes,0,1
11,65.5,Two year,DSL,Yes,Yes,0,1
61,25.68,Month-to-month,Fiber optic,No,Yes,0,0
44,119.54,Month-to-month,DSL,Yes,No,0,0
8,108.87,Month-to-month,DSL,No,No,1,0
3,111.63,One year,Fiber optic,No,Yes,0,1
32,44.66,One year,DSL,No,Yes,1,0
2,59.41,One year,DSL,No,Yes,0,1
10,42.72,Month-to-month,Fiber optic,No,No,0,1
37,32.49,Month-to-month,Fiber optic,No,Yes,1,0
69,23.3,One year,Fiber optic,Yes,Yes,0,0
33,70.33,Month-to-month,DSL,No,Yes,0,1
58,32.31,One year,Fiber optic,No,Yes,0,0
66,37.63,Month-to-month,DSL,No,Yes,0,0
59,106.05,Month-to-month,Fiber optic,No,Yes,0,1
45,68.42,Two year,Fiber optic,No,Yes,0,0
31,38.37,Month-to-month,DSL,No,No,0,0
37,86.99,Month-to-month,DSL,No,Yes,0,1
19,46.59,Month-to-month,Fiber optic,No,Yes,0,0
35,72.69,One year,DSL,Yes,Yes,1,0
27,48.3,Month-to-month,Fiber optic,No,Yes,1,1
17,71.62,Month-to-month,Fiber optic,No,Yes,0,0
71,82.85,Month-to-month,Fiber optic,Yes,Yes,0,0
0,73.62,Month-to-month,Fiber optic,Yes,Yes,0,0
6,59.56,Month-to-month,Fiber optic,No,Yes,0,1
13,99.08,Month-to-month,Fiber optic,No,No,0,1
69,107.34,Month-to-month,Fiber optic,Yes,Yes,1,1
49,37.94,One year,DSL,No,No,0,0
63,33.63,Month-to-month,Fiber optic,Yes,Yes,0,0
14,31.32,Two year,DSL,No,Yes,0,1
51,117.96,Two year,Fiber optic,No,Yes,0,1
26,114.16,Month-to-month,Fiber optic,No,Yes,0,1
35,43.07,Month-to-month,DSL,No,Yes,0,0
0,116.99,Two year,DSL,Yes,No,1,1
44,40.78,Month-to-month,DSL,Yes,Yes,0,0
59,70.65,One year,Fiber optic,No,Yes,1,0
47,69.74,Month-to-month,None,No,No,0,1
11,111.5,One year,None,No,Yes,0,1
38,24.05,Month-to-month,None,No,No,0,0
19,51.54,Month-to-month,Fiber optic,No,No,1,0
69,80.0,Two year,Fiber optic,Yes,Yes,1,0
63,26.64,Month-to-month,DSL,No,Yes,0,0
13,43.66,One year,DSL,No,No,0,0
36,66.51,Month-to-month,DSL,Yes,Yes,0,1
67,108.09,Month-to-month,Fiber optic,No,Yes,1,1
60,96.1,Month-to-month,DSL,No,No,0,1
50,102.9,Month-to-month,DSL,No,Yes,0,1
46,96.11,Month-to-month,DSL,No,Yes,0,1
3,90.77,One year,DSL,No,Yes,0,0
53,104.97,Month-to-month,Fiber optic,No,Yes,0,0
34,88.15,One year,DSL,No,Yes,1,1
6,93.57,Two year,DSL,No,No,0,0
17,50.16,Two year,Fiber optic,No,Yes,0,0
38,36.76,Two year,Fiber optic,Yes,Yes,0,0
52,95.65,One year,Fiber optic,No,Yes,0,0
36,36.58,Month-to-month,Fiber optic,Yes,Yes,0,0
44,111.95,Two year,DSL,Yes,Yes,0,1
62,79.66,Month-to-month,Fiber optic,Yes,No,0,0
49,52.94,Two year,Fiber optic,No,No,1,0
26,113.66,Two year,Fiber optic,Yes,No,0,1
46,35.51,One year,DSL,Yes,No,1,0
43,71.45,Month-to-month,DSL,Yes,Yes,0,0
7,29.16,Month-to-month,DSL,Yes,Yes,0,0
4,116.54,Month-to-month,DSL,No,Yes,0,0
47,77.54,Month-to-month,DSL,Yes,No,0,0
27,100.37,Month-to-month,Fiber optic,No,Yes,1,1
43,48.19,Month-to-month,Fiber optic,No,Yes,1,0
23,100.18,One year,DSL,Yes,Yes,1,0
16,90.28,Two year,DSL,Yes,Yes,0,0
10,84.37,Month-to-month,DSL,No,Yes,0,1
27,115.06,Month-to-month,DSL,No,Yes,0,1
58,63.35,Month-to-month,Fiber optic,No,Yes,1,0
28,61.51,Month-to-month,Fiber optic,Yes,Yes,0,0
27,89.21,Month-to-month,DSL,No,Yes,0,0
41,103.51,Month-to-month,Fiber optic,No,Yes,0,1
70,53.51,Month-to-month,Fiber optic,Yes,No,0,0
28,86.97,Month-to-month,Fiber optic,No,Yes,0,0
42,40.9,Month-to-month,Fiber optic,No,No,0,0
31,75.17,One year,Fiber optic,No,Yes,0,1
43,96.92,Month-to-month,Fiber optic,No,No,0,1
32,26.53,Month-to-month,Fiber optic,Yes,Yes,0,0
45,92.78,Month-to-month,Fiber optic,No,Yes,0,1
39,21.54,Two year,Fiber optic,No,No,0,0
48,115.84,Month-to-month,DSL,No,Yes,1,0
68,66.87,One year,Fiber optic,Yes,Yes,1,0
10,60.91,Month-to-month,DSL,No,Yes,1,0
40,92.04,Two year,DSL,No,Yes,0,0
31,72.33,Month-to-month,DSL,No,Yes,0,1
25,93.08,Month-to-month,DSL,No,Yes,0,0
17,28.48,Two year,DSL,Yes,Yes,1,0
3,76.28,One year,Fiber optic,Yes,Yes,0,1
28,75.81,Month-to-month,Fiber optic,Yes,No,0,1
59,113.21,Month-to-month,Fiber optic,Yes,No,0,1
6,23.96,Two year,DSL,No,Yes,0,0
29,65.28,Month-to-month,Fiber optic,Yes,Yes,0,0
69,83.11,Month-to-month,Fiber optic,No,Yes,0,0
68,75.07,Two year,DSL,No,Yes,0,1
15,27.42,Month-to-month,DSL,No,Yes,0,0
0,79.32,Month-to-month,DSL,No,No,0,0
48,42.22,Month-to-month,Fiber optic,Yes,No,0,0
1,39.55,Month-to-month,DSL,No,Yes,1,1
21,107.87,Month-to-month,Fiber optic,No,Yes,0,1
35,39.78,Month-to-month,DSL,No,Yes,0,0
62,65.43,Month-to-month,Fiber optic,No,Yes,0,0
6,95.03,Month-to-month,Fiber optic,No,No,0,1
47,90.73,One year,Fiber optic,No,No,1,0
38,75.35,One year,DSL,No,No,1,0
9,100.7,Month-to-month,Fiber optic,No,No,0,1
60,66.58,Month-to-month,Fiber optic,Yes,Yes,0,1
60,82.04,Month-to-month,Fiber optic,No,Yes,0,1
34,101.89,One year,DSL,No,No,0,1
68,87.81,Month-to-month,None,No,Yes,0,0
43,84.18,Two year,Fiber optic,Yes,Yes,0,1
65,60.61,Month-to-month,DSL,No,Yes,0,0
69,75.83,Month-to-month,Fiber optic,Yes,Yes,1,0
41,59.61,Month-to-month,Fiber optic,No,Yes,0,0
20,94.43,Month-to-month,Fiber optic,Yes,Yes,0,0
10,58.04,One year,DSL,Yes,Yes,0,0
40,66.66,One year,DSL,No,Yes,0,1
13,95.55,Month-to-month,DSL,Yes,No,0,1
54,70.37,Two year,Fiber optic,No,Yes,0,0
66,53.8,One year,Fiber optic,Yes,Yes,1,0
17,102.68,Month-to-month,DSL,No,No,0,1
39,58.1,Month-to-month,Fiber optic,Yes,Yes,0,0
3,104.47,One year,DSL,Yes,Yes,0,1
12,98.52,Month-to-month,DSL,No,Yes,1,1
27,64.73,One year,None,No,Yes,0,1
63,91.29,One year,DSL,No,Yes,0,0
69,23.44,Month-to-month,Fiber optic,No,Yes,0,0
46,58.98,Two year,DSL,Yes,Yes,0,0
42,106.03,Month-to-month,DSL,No,Yes,0,1
41,77.95,Month-to-month,None,No,Yes,0,0
4,75.78,Month-to-month,None,No,Yes,0,1
27,86.47,Two year,DSL,No,Yes,0,1
70,87.77,Month-to-month,Fiber optic,Yes,Yes,0,0
29,78.36,One year,DSL,Yes,Yes,0,0
15,62.06,Month-to-month,DSL,No,Yes,0,0
17,38.35,Two year,Fiber optic,No,No,0,0
51,49.26,Two year,Fiber optic,Yes,Yes,0,1
2,49.29,Month-to-month,Fiber optic,Yes,Yes,0,0
69,63.07,Two year,Fiber optic,No,Yes,0,0
63,119.91,Month-to-month,DSL,Yes,Yes,0,0
40,55.26,Month-to-month,DSL,No,No,0,1
33,64.74,Month-to-month,Fiber optic,Yes,Yes,0,1
54,57.16,Month-to-month,Fiber optic,No,No,0,1
39,78.14,Month-to-month,DSL,Yes,Yes,0,1
34,114.79,Month-to-month,Fiber optic,No,Yes,0,1
23,108.91,Month-to-month,Fiber optic,Yes,No,0,1
32,57.71,Month-to-month,DSL,No,Yes,0,1
54,46.69,Month-to-month,DSL,No,No,0,0
3,108.44,One year,DSL,Yes,Yes,1,0
1,69.38,Two year,None,No,Yes,0,1
51,88.55,Month-to-month,DSL,No,Yes,0,1
26,27.33,Month-to-month,DSL,Yes,No,0,1
57,106.66,Month-to-month,Fiber optic,No,No,0,1
2,51.3,Month-to-month,Fiber optic,No,Yes,0,1
65,69.45,Two year,DSL,No,Yes,1,0
8,39.8,Month-to-month,Fiber optic,Yes,Yes,0,0
29,62.02,Two year,DSL,No,Yes,0,1
69,102.8,One year,Fiber optic,Yes,No,1,0
7,102.76,Month-to-month,DSL,No,Yes,1,1
47,67.37,One year,Fiber optic,Yes,Yes,1,0
52,96.79,Month-to-month,DSL,No,Yes,0,0
30,65.81,Two year,Fiber optic,No,No,0,1
5,57.34,Month-to-month,Fiber optic,Yes,Yes,0,1
37,74.59,Month-to-month,DSL,Yes,No,0,1
31,40.13,One year,DSL,Yes,Yes,1,0
62,51.66,Month-to-month,Fiber optic,No,Yes,0,1
49,90.65,Month-to-month,Fiber optic,Yes,No,0,1
24,97.05,Month-to-month,Fiber optic,No,Yes,0,0
4,25.67,Month-to-month,Fiber optic,Yes,Yes,0,0
42,93.28,Month-to-month,Fiber optic,Yes,Yes,0,0
20,101.74,One year,Fiber optic,No,Yes,1,1
49,64.52,Two year,Fiber optic,No,Yes,0,1
62,26.25,Month-to-month,Fiber optic,No,Yes,1,0
25,88.29,Month-to-month,Fiber optic,No,No,0,1
65,44.62,Two year,DSL,No,Yes,0,0
37,84.34,Month-to-month,DSL,Yes,Yes,0,0
38,57.66,One year,DSL,Yes,No,1,0
55,83.72,Month-to-month,DSL,No,No,0,0
56,45.81,Two year,Fiber optic,Yes,No,1,0
65,67.65,Month-to-month,DSL,Yes,Yes,0,0
71,72.47,Two year,DSL,No,Yes,1,0
10,83.1,One year,Fiber optic,No,Yes,0,1
29,40.32,Two year,DSL,No,Yes,0,0
67,116.21,Month-to-month,DSL,Yes,Yes,0,1
22,48.91,One year,DSL,No,Yes,0,0
0,50.6,Month-to-month,Fiber optic,No,Yes,0,0
41,45.63,Month-to-month,Fiber optic,Yes,Yes,0,1
54,26.75,Month-to-month,None,No,Yes,0,0
53,62.29,Month-to-month,Fiber optic,No,No,0,0
58,97.18,One year,Fiber optic,No,Yes,0,0
46,90.96,Two year,Fiber optic,No,Yes,0,0
9,39.56,Month-to-month,Fiber optic,No,No,1,0
60,33.69,Month-to-month,DSL,Yes,Yes,0,0
30,52.14,Month-to-month,None,No,No,0,0
61,96.83,One year,DSL,Yes,Yes,0,0
58,68.81,Month-to-month,DSL,No,Yes,0,0
69,112.32,Month-to-month,Fiber optic,Yes,Yes,0,0
1,85.64,One year,Fiber optic,Yes,No,0,1
62,82.09,One year,DSL,No,Yes,0,1
45,96.77,Month-to-month,None,Yes,Yes,0,1
34,95.03,Month-to-month,Fiber optic,No,Yes,0,1
57,54.38,Month-to-month,Fiber optic,No,Yes,0,1
68,45.7,Two year,DSL,No,Yes,0,0
36,63.76,Month-to-month,Fiber optic,No,Yes,0,0
6,68.92,Month-to-month,DSL,No,Yes,0,0
52,34.17,Month-to-month,DSL,No,No,0,0
16,64.13,Month-to-month,Fiber optic,No,Yes,0,1
16,83.98,Month-to-month,None,No,Yes,0,1
13,33.57,Month-to-month,None,Yes,No,0,0
14,33.8,Two year,Fiber optic,Yes,Yes,0,1
65,37.37,Month-to-month,DSL,No,Yes,0,0
26,48.33,Month-to-month,DSL,Yes,No,0,0
7,116.17,Month-to-month,Fiber optic,Yes,No,0,1
12,22.58,Two year,DSL,No,Yes,0,0
28,38.37,One year,None,Yes,No,0,0
24,36.5,Month-to-month,DSL,Yes,Yes,0,0
22,67.43,One year,DSL,No,Yes,0,1
68,21.51,Month-to-month,DSL,Yes,Yes,1,0
62,65.82,Two year,DSL,Yes,Yes,0,0
41,36.29,Month-to-month,Fiber optic,No,No,0,0
71,46.96,Month-to-month,DSL,No,Yes,0,1
24,99.24,One year,Fiber optic,No,Yes,0,0
9,38.41,Month-to-month,Fiber optic,Yes,No,0,0
19,81.71,Two year,DSL,Yes,Yes,0,0
6,60.63,Month-to-month,Fiber optic,No,No,0,0
68,61.76,Month-to-month,Fiber optic,No,Yes,1,0
15,101.68,Month-to-month,DSL,Yes,No,1,0
32,36.09,One year,Fiber optic,No,No,0,0
14,112.38,Month-to-month,None,No,Yes,0,1
70,109.35,Two year,Fiber optic,No,Yes,1,0
11,86.83,Two year,DSL,Yes,Yes,0,1
37,24.94,Month-to-month,None,Yes,Yes,1,0
68,86.33,Month-to-month,None,Yes,Yes,0,1
37,80.03,Two year,DSL,Yes,No,0,1
64,97.22,Month-to-month,DSL,No,Yes,0,1
64,41.38,Month-to-month,Fiber optic,No,Yes,0,0
55,115.34,Month-to-month,Fiber optic,No,Yes,0,1
53,108.62,Month-to-month,DSL,No,Yes,0,1
41,31.44,Month-to-month,Fiber optic,Yes,Yes,1,1
41,51.52,One year,DSL,No,No,1,0
59,23.24,Two year,None,No,Yes,0,0
30,103.09,One year,DSL,No,Yes,0,0
68,111.51,Month-to-month,DSL,No,Yes,0,1
63,118.98,Month-to-month,DSL,No,Yes,0,1
26,81.19,Month-to-month,DSL,No,Yes,0,1
29,86.6,Two year,None,No,Yes,0,0
51,87.84,Month-to-month,DSL,Yes,Yes,0,0
66,77.01,Month-to-month,Fiber optic,No,No,0,1
6,115.24,Two year,None,No,No,0,1
4,80.79,Month-to-month,DSL,No,Yes,0,1
17,53.57,Month-to-month,DSL,No,Yes,0,1
30,71.29,Month-to-month,Fiber optic,Yes,Yes,0,1
11,21.87,Month-to-month,DSL,Yes,Yes,0,0
37,92.41,Two year,None,No,Yes,0,1
38,89.39,Month-to-month,Fiber optic,No,Yes,0,0
68,62.11,Month-to-month,DSL,No,No,1,0
53,105.15,Month-to-month,Fiber optic,Yes,Yes,0,0
18,95.55,One year,Fiber optic,Yes,No,0,1
56,53.67,Month-to-month,Fiber optic,No,No,0,0
58,27.75,Two year,DSL,No,No,0,0
48,33.22,Two year,DSL,No,No,1,0
48,38.43,Two year,DSL,Yes,Yes,0,1
22,50.39,Month-to-month,DSL,No,No,0,0
51,64.75,Month-to-month,DSL,No,Yes,0,0
9,112.8,Month-to-month,None,No,Yes,1,1
45,47.84,Two year,Fiber optic,No,No,0,0
66,109.86,One year,DSL,No,Yes,0,0
69,88.05,Month-to-month,Fiber optic,Yes,Yes,0,0
21,105.35,One year,Fiber optic,No,Yes,1,0
23,60.33,Two year,DSL,No,Yes,0,1
44,20.33,Two year,DSL,No,Yes,0,0
28,98.7,One year,None,No,Yes,0,1
52,44.55,Two year,DSL,Yes,Yes,0,0
14,34.25,Two year,Fiber optic,Yes,No,0,0
12,99.95,Month-to-month,None,No,Yes,0,0
3,88.63,Month-to-month,DSL,No,No,0,1
33,41.24,One year,Fiber optic,No,Yes,1,0
15,46.76,Month-to-month,DSL,No,Yes,0,1
21,113.92,Month-to-month,Fiber optic,No,No,0,1
65,46.85,Two year,Fiber optic,No,Yes,0,0
58,90.24,Month-to-month,Fiber optic,No,No,0,1
60,32.96,Month-to-month,None,Yes,Yes,0,0
42,101.5,Two year,Fiber optic,Yes,Yes,0,0
8,31.76,Month-to-month,None,Yes,Yes,0,0
53,71.6,Two year,DSL,Yes,Yes,0,0
43,23.52,Two year,Fiber optic,No,Yes,1,1
65,75.01,Month-to-month,DSL,Yes,Yes,0,0
34,104.66,Month-to-month,DSL,No,No,0,0
12,28.44,Month-to-month,Fiber optic,Yes,Yes,1,1
42,47.43,Two year,Fiber optic,No,Yes,0,0
32,96.47,Month-to-month,Fiber optic,No,Yes,0,1
47,80.81,Month-to-month,DSL,Yes,Yes,0,0
27,51.28,Two year,None,No,Yes,0,0
22,82.89,Month-to-month,DSL,No,Yes,0,0
9,65.47,One year,DSL,No,No,1,0
69,106.24,One year,Fiber optic,No,Yes,0,1
54,49.29,Month-to-month,Fiber optic,No,Yes,0,0
33,95.77,Month-to-month,Fiber optic,Yes,No,0,1
16,83.57,Month-to-month,DSL,No,Yes,0,1
45,94.04,Month-to-month,Fiber optic,No,No,0,1
29,57.83,Month-to-month,Fiber optic,No,No,0,0
45,92.49,One year,DSL,Yes,Yes,0,0
6,89.84,One year,Fiber optic,No,Yes,1,1
13,58.75,Month-to-month,Fiber optic,No,No,0,0
52,22.65,Month-to-month,Fiber optic,No,Yes,0,0
4,116.29,Month-to-month,Fiber optic,No,Yes,0,1
48,91.36,Two year,DSL,Yes,No,0,0
29,40.47,Month-to-month,Fiber optic,No,Yes,0,0
0,93.08,Month-to-month,Fiber optic,No,Yes,0,1
55,47.87,Month-to-month,DSL,No,No,0,0
50,66.93,Two year,Fiber optic,No,Yes,0,0
58,105.99,Month-to-month,Fiber optic,No,Yes,0,1
64,64.81,Month-to-month,Fiber optic,No,Yes,0,0
52,48.8,Month-to-month,DSL,No,Yes,0,0
60,50.55,One year,None,No,No,0,0
8,27.7,Two year,None,No,Yes,1,0
66,41.95,One year,DSL,No,Yes,0,0
65,47.11,Month-to-month,None,Yes,No,0,1
49,37.3,Month-to-month,Fiber optic,No,Yes,1,0
57,26.31,One year,DSL,No,Yes,0,0
53,66.58,Two year,Fiber optic,Yes,Yes,0,0
63,41.44,Month-to-month,Fiber optic,No,Yes,0,0
64,93.88,One year,Fiber optic,No,Yes,0,0
37,112.25,Month-to-month,Fiber optic,Yes,No,0,1
58,47.3,Month-to-month,Fiber optic,No,Yes,0,0
65,77.22,Month-to-month,DSL,No,No,0,0
21,70.67,Month-to-month,Fiber optic,Yes,Yes,0,1
3,27.51,Two year,Fiber optic,Yes,No,0,0
12,32.49,One year,None,No,No,0,0
2,108.48,Month-to-month,DSL,Yes,Yes,0,0
31,67.42,One year,Fiber optic,No,Yes,0,1
1,100.46,Month-to-month,Fiber optic,Yes,Yes,0,0
18,26.66,Month-to-month,DSL,No,Yes,0,0
18,79.48,Month-to-month,Fiber optic,No,Yes,0,1
50,106.53,Month-to-month,DSL,No,No,0,1
17,106.71,Month-to-month,DSL,No,Yes,0,1
68,20.57,Month-to-month,DSL,No,Yes,0,0
13,72.17,Month-to-month,DSL,Yes,Yes,0,0
69,56.9,Month-to-month,DSL,Yes,No,1,0
40,96.0,Month-to-month,Fiber optic,No,Yes,0,1
17,27.32,One year,Fiber optic,No,Yes,0,0
2,46.49,Two year,Fiber optic,No,No,0,0
22,101.26,Month-to-month,DSL,No,Yes,0,1
42,66.96,Month-to-month,DSL,No,No,0,1
7,65.32,Two year,Fiber optic,No,Yes,0,0
11,116.86,Month-to-month,Fiber optic,No,No,1,1
8,51.99,Month-to-month,Fiber optic,No,No,1,0
48,24.17,Month-to-month,Fiber optic,No,No,0,1
6,59.22,One year,Fiber optic,Yes,Yes,0,0
1,35.34,Two year,Fiber optic,No,Yes,0,1
32,28.19,Month-to-month,DSL,No,Yes,0,0
22,76.79,Two year,Fiber optic,Yes,No,0,0
41,115.36,One year,Fiber optic,No,Yes,1,1
67,77.94,One year,DSL,Yes,Yes,0,0
61,84.71,One year,None,No,Yes,0,0
38,52.36,Two year,Fiber optic,No,No,0,1
46,77.11,Month-to-month,DSL,No,Yes,0,0
58,95.22,One year,Fiber optic,No,Yes,0,1
31,78.93,Month-to-month,Fiber optic,No,Yes,0,1
47,100.28,Month-to-month,Fiber optic,Yes,No,0,0
15,75.05,One year,None,No,Yes,0,0
43,39.81,Month-to-month,DSL,No,Yes,0,0
17,78.27,Month-to-month,Fiber optic,No,No,0,0
13,69.09,One year,Fiber optic,Yes,Yes,0,0
54,36.59,One year,None,Yes,No,1,0
41,81.92,One year,Fiber optic,No,Yes,0,0
27,101.7,Month-to-month,Fiber optic,No,Yes,1,1
2,33.51,One year,DSL,No,Yes,0,0
17,74.49,Month-to-month,Fiber optic,No,Yes,0,0
57,93.37,One year,Fiber optic,No,Yes,0,0
33,60.3,Month-to-month,None,No,Yes,0,1
69,47.0,Month-to-month,Fiber optic,Yes,Yes,0,0
64,57.23,Month-to-month,Fiber optic,No,No,0,0
61,74.17,Month-to-month,None,No,Yes,0,0
1,88.67,One year,DSL,Yes,Yes,0,0
3,75.92,Month-to-month,Fiber optic,No,Yes,0,1
41,30.7,One year,Fiber optic,Yes,Yes,0,0
24,101.79,Month-to-month,Fiber optic,No,Yes,0,1
60,112.39,Month-to-month,DSL,No,Yes,0,1
22,30.13,Month-to-month,Fiber optic,No,Yes,0,0
11,44.95,One year,Fiber optic,No,Yes,0,0
8,37.37,Two year,DSL,No,No,0,0
21,104.92,Two year,DSL,No,No,0,0
45,111.03,Month-to-month,Fiber optic,Yes,Yes,1,1
9,24.43,One year,Fiber optic,Yes,No,0,0
57,53.24,Month-to-month,DSL,No,Yes,1,1
21,39.25,One year,Fiber optic,No,Yes,0,0
22,66.95,Month-to-month,DSL,No,No,0,1
47,112.16,Month-to-month,DSL,No,Yes,0,0
62,27.02,Month-to-month,Fiber optic,Yes,Yes,1,0
31,37.13,Month-to-month,Fiber optic,No,Yes,0,0
57,68.7,One year,Fiber optic,No,No,0,0
21,72.4,One year,Fiber optic,No,Yes,0,0
9,94.55,One year,DSL,No,Yes,0,0
59,63.77,Month-to-month,Fiber optic,No,Yes,0,1
55,34.11,One year,Fiber optic,Yes,Yes,0,0
54,55.36,Month-to-month,DSL,No,Yes,0,0
63,118.21,Month-to-month,Fiber optic,No,Yes,0,0
35,95.07,Month-to-month,Fiber optic,No,Yes,0,0
14,31.63,Month-to-month,Fiber optic,Yes,Yes,1,1
42,100.82,Month-to-month,None,Yes,Yes,0,0
41,51.09,Month-to-month,DSL,Yes,No,0,1
27,98.14,Month-to-month,DSL,No,Yes,0,1
45,21.27,Month-to-month,Fiber optic,Yes,No,0,0
18,107.13,Month-to-month,DSL,Yes,Yes,0,1
43,36.23,One year,Fiber optic,Yes,Yes,0,0
57,65.58,Two year,Fiber optic,No,Yes,0,0
6,86.18,Month-to-month,DSL,No,Yes,0,1
32,70.79,Month-to-month,Fiber optic,No,Yes,0,1
47,36.54,One year,Fiber optic,No,Yes,1,0
3,33.91,Month-to-month,DSL,No,No,0,1
45,48.45,Two year,DSL,No,Yes,0,0
65,25.24,Month-to-month,Fiber optic,No,Yes,0,0
59,41.65,Month-to-month,None,Yes,No,1,0
49,33.01,Month-to-month,Fiber optic,No,Yes,0,0
57,66.48,Month-to-month,Fiber optic,Yes,Yes,1,1
26,55.65,Month-to-month,DSL,No,No,0,1
23,78.68,Month-to-month,Fiber optic,Yes,Yes,0,1
6,48.09,One year,DSL,No,Yes,0,1
51,23.39,Two year,Fiber optic,Yes,No,0,0
22,53.11,Month-to-month,DSL,No,Yes,0,0
62,95.52,One year,DSL,Yes,Yes,0,0
33,45.58,Month-to-month,DSL,No,No,0,0
64,60.45,Month-to-month,DSL,No,Yes,0,0
9,95.5,Month-to-month,Fiber optic,No,No,1,0
11,60.67,Month-to-month,Fiber optic,Yes,No,0,0
24,108.71,One year,Fiber optic,Yes,No,0,1
1,111.81,One year,None,No,Yes,0,1
35,51.05,Month-to-month,Fiber optic,No,Yes,0,1
46,93.6,Month-to-month,Fiber optic,No,No,0,1
47,45.31,One year,Fiber optic,No,No,0,0
15,33.95,Two year,Fiber optic,No,Yes,0,1
11,63.79,Month-to-month,Fiber optic,Yes,Yes,1,1
40,80.25,Two year,DSL,No,Yes,1,1
45,113.56,Two year,Fiber optic,Yes,Yes,0,0
68,34.59,One year,None,No,Yes,0,0
64,91.24,One year,Fiber optic,No,Yes,1,0
27,67.55,Month-to-month,Fiber optic,No,Yes,0,1
11,33.17,Month-to-month,Fiber optic,No,Yes,0,0
18,117.27,One year,DSL,No,Yes,1,0
63,89.58,Two year,Fiber optic,No,Yes,0,0
32,32.89,Month-to-month,DSL,No,Yes,0,0
71,110.58,Month-to-month,DSL,No,Yes,0,1
47,30.31,Month-to-month,DSL,No,No,1,0
42,29.27,One year,DSL,No,Yes,0,0
7,53.16,Month-to-month,None,No,Yes,1,1
42,113.8,One year,DSL,No,Yes,0,1
27,23.3,Month-to-month,DSL,Yes,No,0,0
60,111.82,One year,Fiber optic,Yes,No,0,1
9,81.16,One year,Fiber optic,No,Yes,0,1
13,26.71,Month-to-month,Fiber optic,No,Yes,0,0
47,76.86,Month-to-month,DSL,No,Yes,0,0
48,65.88,Month-to-month,DSL,No,Yes,0,0
59,76.4,One year,Fiber optic,Yes,No,0,0
37,93.72,Month-to-month,DSL,Yes,No,0,1
27,87.86,Month-to-month,DSL,Yes,Yes,0,0
22,119.72,Month-to-month,DSL,No,No,0,1
26,35.67,Month-to-month,Fiber optic,Yes,Yes,1,0
47,101.29,One year,None,No,Yes,0,1
38,61.11,One year,Fiber optic,No,Yes,0,1
21,98.33,Two year,Fiber optic,No,Yes,0,0
15,109.18,One year,Fiber optic,No,Yes,0,1
51,119.2,One year,Fiber optic,No,No,0,0
17,46.6,Month-to-month,Fiber optic,No,No,0,0
15,65.29,One year,DSL,Yes,No,0,0
23,114.28,One year,DSL,No,No,0,1
61,114.57,One year,DSL,No,No,0,1
32,57.29,One year,Fiber optic,No,Yes,0,0
42,114.02,One year,Fiber optic,No,No,1,1
5,60.59,Month-to-month,Fiber optic,Yes,Yes,0,1
24,57.48,One year,DSL,Yes,Yes,0,0
54,95.66,Month-to-month,None,No,Yes,0,1
55,67.12,Month-to-month,DSL,No,No,0,0
41,64.82,Month-to-month,None,No,No,0,1
63,58.61,Month-to-month,Fiber optic,No,Yes,0,0
21,63.28,Month-to-month,Fiber optic,Yes,No,0,0
11,33.98,Month-to-month,Fiber optic,No,No,0,1
5,26.1,Month-to-month,Fiber optic,No,Yes,0,0
14,95.4,Two year,Fiber optic,Yes,Yes,0,1
54,76.45,One year,DSL,Yes,Yes,0,0
65,87.19,One year,Fiber optic,No,Yes,0,1
9,100.23,Two year,DSL,No,No,0,1
36,43.01,Month-to-month,DSL,No,No,0,1
9,43.38,Month-to-month,DSL,Yes,Yes,0,1
60,47.79,Month-to-month,Fiber optic,Yes,Yes,0,0
9,50.39,Month-to-month,DSL,Yes,Yes,0,1
46,96.07,Two year,Fiber optic,No,Yes,0,0
5,57.42,Month-to-month,DSL,No,Yes,0,0
53,52.32,One year,DSL,No,Yes,0,0
65,83.63,Two year,None,No,Yes,0,0
52,38.66,Month-to-month,DSL,No,Yes,0,0
19,30.64,One year,Fiber optic,Yes,Yes,0,0
60,89.71,Month-to-month,DSL,Yes,No,0,0
22,95.64,Month-to-month,DSL,No,Yes,0,1
54,49.64,Month-to-month,Fiber optic,Yes,Yes,0,0
59,83.6,Month-to-month,Fiber optic,No,No,0,1
34,23.41,Month-to-month,DSL,No,Yes,0,1
44,60.43,Month-to-month,Fiber optic,Yes,Yes,0,0
61,77.8,Two year,None,Yes,Yes,0,0
13,45.34,Month-to-month,Fiber optic,Yes,No,0,0
1,54.82,Month-to-month,DSL,Yes,Yes,0,0
31,80.95,Two year,DSL,No,Yes,0,0
13,78.99,Month-to-month,DSL,No,Yes,0,1
63,35.42,Two year,DSL,No,Yes,0,0
62,90.66,Two year,Fiber optic,No,No,0,0
27,28.0,One year,DSL,Yes,Yes,1,0
22,116.97,Month-to-month,Fiber optic,Yes,No,0,1
51,40.24,Month-to-month,Fiber optic,No,Yes,0,0
32,45.35,Month-to-month,DSL,Yes,No,0,0
6,40.03,Month-to-month,DSL,No,Yes,1,0
47,119.15,Month-to-month,Fiber optic,No,Yes,0,1
52,48.66,Month-to-month,Fiber optic,No,Yes,0,1
5,80.53,Two year,DSL,Yes,Yes,0,0
55,119.06,Month-to-month,Fiber optic,No,Yes,0,1
38,115.01,Two year,DSL,No,Yes,0,0
59,24.23,One year,Fiber optic,No,Yes,0,0
61,72.12,Month-to-month,DSL,Yes,Yes,0,0
48,80.13,Month-to-month,Fiber optic,Yes,Yes,0,1
24,90.24,Month-to-month,DSL,Yes,Yes,0,1
26,53.59,Month-to-month,DSL,No,No,0,0
52,52.79,Two year,Fiber optic,Yes,Yes,0,0
4,20.43,Month-to-month,Fiber optic,Yes,No,0,0
16,23.52,Month-to-month,Fiber optic,No,No,0,0
37,75.01,Month-to-month,Fiber optic,No,Yes,0,0
67,27.59,One year,Fiber optic,No,No,0,0
54,40.25,Month-to-month,DSL,Yes,Yes,0,0
58,53.33,Month-to-month,Fiber optic,No,Yes,0,1
13,27.05,One year,DSL,Yes,No,0,0
20,23.09,Month-to-month,DSL,Yes,No,0,0
19,112.69,One year,Fiber optic,No,Yes,0,1
53,63.52,Month-to-month,DSL,No,No,1,1
38,40.49,Month-to-month,DSL,Yes,Yes,0,0
15,90.85,Month-to-month,Fiber optic,No,Yes,0,1
53,20.94,One year,Fiber optic,No,Yes,0,0
45,44.5,Two year,DSL,No,Yes,0,0
64,116.07,One year,DSL,Yes,Yes,0,0
40,109.77,Month-to-month,DSL,Yes,Yes,0,1
9,83.59,Month-to-month,Fiber optic,No,Yes,0,1
63,29.32,Month-to-month,Fiber optic,No,No,0,0
13,51.81,Month-to-month,None,No,No,1,0
3,22.79,Month-to-month,DSL,No,Yes,0,1
57,41.92,Month-to-month,None,No,Yes,0,0
32,22.54,Two year,None,Yes,Yes,0,0
46,32.62,One year,DSL,No,Yes,0,1
9,83.32,Two year,Fiber optic,Yes,Yes,0,0
51,30.04,One year,Fiber optic,No,No,0,0
29,35.58,Month-to-month,Fiber optic,Yes,Yes,0,0
71,110.28,Month-to-month,DSL,Yes,No,0,0
45,53.55,Month-to-month,Fiber optic,Yes,No,0,0
67,53.3,Month-to-month,Fiber optic,Yes,Yes,0,0
57,28.65,Month-to-month,DSL,Yes,Yes,0,0
60,99.59,One year,Fiber optic,No,Yes,0,1
6,87.64,Month-to-month,DSL,Yes,Yes,0,1
55,74.71,Month-to-month,Fiber optic,Yes,No,0,0
43,81.79,Month-to-month,Fiber optic,No,Yes,0,1
28,30.04,One year,DSL,No,Yes,0,0
